"","Fire","Transect","Treated","Diameter","ScorchHt","CharHt","Slope","fake"
"1",1,1,1,0.084,-0.68,1.14,1.395,1.15183272753942
"2",1,1,1,-0.133,-0.729,1.304,1.395,-0.0444336622025024
"3",1,1,1,-0.498,-0.567,0.707,1.395,-0.375862206630251
"4",1,1,1,-0.133,-1.154,0.632,1.395,0.0906874459997561
"5",1,1,1,-0.573,-0.592,1.549,0.807,0.497033042877476
"6",1,1,1,-0.35,-0.243,0.837,0.807,-0.0642422870270101
"7",1,1,1,-1.149,-0.892,1,0.807,0.776136323368037
"8",1,1,1,-0.281,-0.63,1.265,0.807,0.745730619797703
"9",1,1,1,-0.573,-0.155,1.183,0.071,-0.539692085729725
"10",1,1,1,-0.715,-0.28,1.673,0.071,-0.481266845936826
"11",1,1,1,-0.715,0.394,1.483,0.071,1.33426298354631
"12",1,1,1,0.084,0.206,1.643,0.071,0.248285758519466
"13",1,1,1,-0.424,0.019,2.324,1.248,1.78744315950725
"14",1,1,1,-0.35,-0.28,2.074,1.248,0.860386540973371
"15",1,1,1,-0.35,0.269,1.949,1.248,-0.110361211970516
"16",1,1,1,-0.858,-0.13,1.673,1.248,2.01563767610759
"17",1,1,1,-1.006,-0.605,1.449,1.69,0.59038556605016
"18",1,1,1,0.01,0.993,1.643,1.69,-2.40578280643838
"19",1,1,1,-0.789,0.194,2.121,1.69,-0.208869207981651
"20",1,1,1,-0.133,0.706,1.414,1.69,1.11735189611051
"21",1,2,0,-1.366,-0.106,2.757,1.248,1.2822982694617
"22",1,2,0,-1.366,-0.393,2.846,1.248,0.324885763402296
"23",1,2,0,0.153,1.142,3.194,1.248,-0.809248302838905
"24",1,2,0,0.153,0.93,2.608,1.248,-0.170785751908051
"25",1,2,0,-0.133,1.093,2.811,1.69,0.615374536055706
"26",1,2,0,-1.149,-0.255,1.673,1.69,-1.04242085841257
"27",1,2,0,1.1,0.281,2.074,1.69,-0.664431005549289
"28",1,2,0,-0.133,0.905,2.49,1.69,-0.241308819500902
"29",1,2,0,0.227,1.055,2.702,1.837,-0.204312116402542
"30",1,2,0,-0.498,0.843,2.121,1.837,-1.21339679260258
"31",1,2,0,-0.641,1.03,2.236,1.837,0.0781006274698413
"32",1,2,0,0.735,1.28,2.588,1.837,0.0112150665466205
"33",1,2,0,-0.932,0.531,1.342,0.071,-0.874596652910463
"34",1,2,0,0.301,1.417,1.975,0.071,0.918533603791826
"35",1,2,0,0.301,0.456,2.53,0.071,-0.676095611568033
"36",1,2,0,-1.366,-0.655,1.265,0.071,-0.706434497342864
"37",1,2,0,0.735,0.768,4.231,1.542,1.63037417864262
"38",1,2,0,0.878,1.43,3.873,1.542,-0.508844537191721
"39",1,2,0,-1.149,0.843,2.449,1.542,-0.662831541386832
"40",1,2,0,0.878,1.405,3.24,1.542,0.0807607342273998
"41",1,3,0,-1.109,0.019,1.183,-1.032,0.650184247408578
"42",1,3,0,-1.817,1.38,4.123,-1.032,1.92436765267094
"43",1,3,0,-1.235,-0.417,2.51,-1.032,0.133139702879586
"44",1,3,0,-1.486,0.793,3.017,-1.032,-0.683921999473035
"45",1,3,0,-0.966,-0.106,2.702,0.365,-0.401756585131622
"46",1,3,0,-0.789,-0.18,2.966,0.365,-0.877189069649254
"47",1,3,0,-0.601,0.244,2.846,0.365,-0.62346666279625
"48",1,3,0,0.661,0.993,3.937,0.365,1.52909834104241
"49",1,3,0,0.518,1.766,4.087,1.837,-0.396045798871737
"50",1,3,0,-0.498,0.743,3.768,1.837,0.637922158741945
"51",1,3,0,0.792,2.078,3.742,1.837,0.651053929896709
"52",1,3,0,-0.555,-0.63,2.588,1.837,-0.288087628422392
"53",1,3,0,0.038,1.816,3.391,1.837,1.10784747257954
"54",1,3,0,-0.133,0.269,3.162,1.837,0.0603457462911582
"55",1,3,0,-0.253,1.417,3.493,1.837,-0.166269795121532
"56",1,3,0,0.124,1.255,3.391,1.837,0.196687112587666
"57",1,3,0,-0.236,0.818,2.915,2.425,-1.49218985654888
"58",1,3,0,0.529,1.392,3.507,2.425,1.67483020267042
"59",1,3,0,-0.31,0.044,3.162,2.425,0.614769400438061
"60",1,3,0,-0.007,0.568,2.811,2.425,-1.29004415597241
"61",1,4,1,0.084,-0.592,2.236,1.395,1.02978765502174
"62",1,4,1,-0.367,-0.742,1.581,1.395,-1.0278452223679
"63",1,4,1,-0.104,-0.68,1.304,1.395,-0.250484750322216
"64",1,4,1,-1.486,-0.343,1.732,1.395,-1.03937842051387
"65",1,4,1,0.141,-0.655,1.095,0.512,-0.477429950569236
"66",1,4,1,-0.687,-0.904,0.548,0.512,1.48375383570042
"67",1,4,1,0.027,-0.53,1,0.512,1.0769358413464
"68",1,4,1,-0.236,-0.28,1.581,0.512,1.06961524086404
"69",1,4,1,0.181,-0.48,1.732,-0.37,-0.800130304992703
"70",1,4,1,-0.224,-0.106,2.236,-0.37,-1.0668818170547
"71",1,4,1,-0.007,-0.48,1.483,-0.37,-0.0350851170295144
"72",1,4,1,-0.413,-0.667,1.643,-0.37,1.20349338257674
"73",1,4,1,0.592,-1.054,0.224,-1.032,0.599652421160243
"74",1,4,1,-0.63,-1.041,0.447,-1.032,1.66849127686223
"75",1,4,1,-0.281,-0.293,2.55,-1.032,-1.68428751555238
"76",1,4,1,-0.732,-0.368,1.871,-1.032,-0.983613795614482
"77",1,4,1,-0.658,-1.466,0.447,-0.885,3.24107253737646
"78",1,4,1,-0.321,-1.029,1.225,-0.885,0.606960365359019
"79",1,4,1,-1.412,-1.466,0,-0.885,0.903739276393014
"80",1,4,1,-0.076,-1.466,0.316,-0.885,-0.467630430969098
"81",1,5,0,-1.298,-0.505,1.844,0.512,0.71319284850782
"82",1,5,0,1.46,1.28,2.966,0.512,0.817436727782161
"83",1,5,0,1.317,0.668,3.162,0.512,-0.168811683556335
"84",1,5,0,1.894,1.305,3.661,0.512,-0.102628476025568
"85",1,5,0,1.603,1.879,3.847,1.984,0.694517313112941
"86",1,5,0,0.592,2.203,3.521,1.984,0.945808231165708
"87",1,5,0,1.751,2.653,3.821,1.984,1.72840912206165
"88",1,5,0,1.751,2.877,3.479,1.984,-0.205867889898018
"89",1,5,0,1.911,2.291,4.359,0.807,-0.392957215386055
"90",1,5,0,1.763,2.927,3.391,0.807,-0.0370523115041039
"91",1,5,0,1.62,3.127,3.578,0.807,0.370561896990118
"92",1,5,0,0.866,2.89,3,0.807,1.10012492589036
"93",1,5,0,1.357,2.378,4.243,1.395,0.0763578096882253
"94",1,5,0,0.501,2.44,3.162,1.395,-1.47037386274177
"95",1,5,0,0.632,2.353,3.033,1.395,-0.365872967242998
"96",1,5,0,-0.744,0.855,2.55,1.395,-1.20252210664127
"97",1,5,0,1.997,2.116,2.915,2.867,2.05221298097218
"98",1,5,0,0.255,1.342,3.464,2.867,0.534813458074929
"99",1,5,0,0.444,1.342,2.828,2.867,-0.753645512047118
"100",1,5,0,1.477,0.806,2.828,2.867,0.665536801227171
"101",1,6,1,0.763,2.054,2.345,1.69,0.274150067245282
"102",1,6,1,1.129,2.366,3.464,1.69,-0.867041156511998
"103",1,6,1,0.621,2.428,2.739,1.69,2.51735469631566
"104",1,6,1,0.546,1.929,2.55,1.69,-0.401034154778081
"105",1,6,1,1.14,2.103,2.345,0.807,-0.745525021723784
"106",1,6,1,1.534,1.255,3.017,0.807,-0.0272305434977283
"107",1,6,1,1.055,2.191,3.873,0.807,1.07685622521592
"108",1,6,1,1.723,2.241,2.049,0.807,0.247663551643077
"109",1,6,1,0.98,-0.779,0.894,0.807,0.468874885805121
"110",1,6,1,0.312,-1.466,0.894,0.807,0.679027645525269
"111",1,6,1,0.706,1.167,1.265,0.807,1.98717739650134
"112",1,6,1,1.477,-1.466,0.224,0.807,-0.34274726606644
"113",1,6,1,1.648,0.494,2.449,0.218,-0.877549387280355
"114",1,6,1,0.621,-0.343,1.414,0.218,1.47752109245773
"115",1,6,1,1.574,-0.243,1.581,0.218,0.644312313988736
"116",1,6,1,1.197,0.444,1.732,0.218,2.07104134023363
"117",1,6,1,1.591,-0.467,1.581,0.218,1.34396766949802
"118",1,6,1,1.911,1.167,0.224,0.218,-0.00112098957202761
"119",1,6,1,0.866,2.103,1,0.218,-1.93183172121093
"120",1,6,1,0.678,-0.343,1.14,0.218,-1.76089852233101
"121",2,7,0,2.168,2.041,5.196,-0.517,-1.43091336208969
"122",2,7,0,-0.424,1.018,4.438,-0.517,-0.836634837462614
"123",2,7,0,0.33,1.854,3.742,-0.517,0.315837198009813
"124",2,7,0,-0.413,0.531,3.742,-0.517,-1.01889719645963
"125",2,7,0,-0.224,0.381,3.742,1.248,1.41819328032339
"126",2,7,0,-0.858,0.331,3.795,1.248,-0.841769943835409
"127",2,7,0,0.969,1.454,4.796,1.248,1.88522301829313
"128",2,7,0,-0.875,0.094,3.271,1.248,-0.644175417254507
"129",2,7,0,0.906,1.43,4.817,-0.517,-0.675475044427498
"130",2,7,0,-0.498,0.406,3.742,-0.517,1.06356878043741
"131",2,7,0,-0.424,0.281,3.606,-0.517,0.398992640550272
"132",2,7,0,-0.818,-0.218,2.121,-0.517,0.995835109657476
"133",2,7,0,0.301,0.993,4.438,0.218,-1.08061961636112
"134",2,7,0,0.181,1.018,4.461,0.218,1.53708650677394
"135",2,7,0,0.084,0.893,3.464,0.218,0.0320911270286463
"136",2,7,0,1.055,1.717,3.464,0.218,-0.0736171066633702
"137",2,7,0,-0.932,0.032,3.464,0.954,0.91148325295953
"138",2,7,0,-1.298,0.306,3.674,0.954,0.467942046829663
"139",2,7,0,-0.544,0.444,3.873,0.954,-1.00947782659487
"140",2,7,0,0.661,1.255,4.669,0.954,-0.164273302491938
"141",2,8,1,-0.196,-0.068,2.646,-0.665,-0.56208110490191
"142",2,8,1,-0.949,-0.13,2,-0.665,-0.0973824570920479
"143",2,8,1,-1.223,-0.343,1.817,-0.665,-1.71674063076968
"144",2,8,1,3.475,-0.093,0.548,-0.665,-1.15684990877371
"145",2,8,1,2.533,-0.967,0.548,-0.665,-0.44511039475549
"146",2,8,1,-1.412,-0.842,0.837,-0.665,-0.250886263006697
"147",2,8,1,-0.687,-1.079,0.707,-0.665,-0.998430778911827
"148",2,8,1,1.546,-0.655,0.316,-0.665,0.255393801942756
"149",2,8,1,-0.772,0.206,2.828,0.071,0.445480420997568
"150",2,8,1,0.501,-0.655,1.095,0.071,0.376692287280692
"151",2,8,1,0.404,-0.842,1,0.071,-0.442555570953536
"152",2,8,1,-1.046,-0.904,1.265,0.071,0.390172561958909
"153",2,8,1,-0.104,-0.617,1.225,-0.517,0.610080476057293
"154",2,8,1,-0.67,-0.442,1.581,-0.517,-1.50639853849639
"155",2,8,1,-1.092,-1.029,1,-0.517,2.84805691272038
"156",2,8,1,-0.584,-0.967,0.894,-0.517,-0.530505727226204
"157",2,8,1,-0.064,-1.466,1.483,-0.959,2.00756769338878
"158",2,8,1,-0.196,0.693,1.449,-0.959,-0.484714148380977
"159",2,8,1,-0.264,-0.218,1.549,-0.959,-0.554510798905322
"160",2,8,1,2.185,-1.466,1.483,-0.959,1.23568141253422
"161",2,9,0,-0.715,0.394,3.742,-0.628,-0.349985836410784
"162",2,9,0,-1.121,0.344,3.808,-0.628,0.549636581788241
"163",2,9,0,-0.687,0.481,3.464,-0.628,-0.71910117432239
"164",2,9,0,-1.583,-0.318,3.033,-0.628,0.270875224493814
"165",2,9,0,-0.932,0.556,4.025,-1.106,-0.807611135248107
"166",2,9,0,0.649,1.38,4.69,-1.106,1.21370389456983
"167",2,9,0,-1.395,-0.642,2,-1.106,-0.386842288016649
"168",2,9,0,-1.309,-0.667,2,-1.106,-0.0182953911644779
"169",2,9,0,-0.744,0.094,2.739,-0.959,0.347391150259966
"170",2,9,0,0.489,2.653,2.646,-0.959,0.842447923892341
"171",2,9,0,1.591,2.328,2.828,-0.959,0.903357416659527
"172",2,9,0,-0.481,0.756,2.449,-0.959,-1.66904517196272
"173",2,9,0,-0.413,1.629,4.583,-0.812,-0.561590235879591
"174",2,9,0,-1.018,0.182,3.606,-0.812,-0.986693735390395
"175",2,9,0,-1.554,0.419,3.464,-0.812,0.221223770392621
"176",2,9,0,-0.858,1.305,3.873,-0.812,-0.786975363935547
"177",2,9,0,-1.046,-0.318,2.864,-0.812,-0.293343766352848
"178",2,9,0,-1.121,-0.48,2.569,-0.812,0.640672162568709
"179",2,9,0,-1.206,-0.754,2.49,-0.812,-1.80635895947662
"180",2,9,0,-0.51,0.231,3.421,-0.812,1.48307754247575
"181",2,10,1,0.067,-0.28,0.949,-0.665,-1.03453431494137
"182",2,10,1,-1.149,-0.68,1.612,-0.665,-1.07497891076394
"183",2,10,1,0.489,1.093,0.548,-0.665,0.384048774197
"184",2,10,1,0.849,-0.28,0.447,-0.665,-0.2438357866166
"185",2,10,1,0.272,-1.466,0.316,-0.812,0.609381087670201
"186",2,10,1,0.706,-1.466,0,-0.812,-1.11808473969729
"187",2,10,1,-0.264,-1.466,0.707,-0.812,0.09342800482164
"188",2,10,1,0.084,-0.967,0.548,-0.812,-0.549494124502439
"189",2,10,1,-0.104,-1.466,0,-0.812,-0.321311039118559
"190",2,10,1,0.33,-1.466,0,-0.812,-0.0591523367988543
"191",2,10,1,0.489,-1.466,0,-0.812,-2.51151356619514
"192",2,10,1,0.375,-1.466,0,-0.812,1.29275940276785
"193",2,10,1,0.067,-1.466,0.447,-0.812,-1.28547532128764
"194",2,10,1,0.661,-1.466,1,-0.812,-0.0485257699025312
"195",2,10,1,-0.293,-1.466,0.316,-0.812,-0.0461793227362188
"196",2,10,1,0.038,-1.466,0,-0.812,1.03804160174931
"197",2,10,1,-0.019,-1.466,0.548,-0.812,-0.663310677612518
"198",2,10,1,0.518,-1.341,0.447,-0.812,-2.3752894219346
"199",2,10,1,-0.35,-1.466,0.316,-0.812,-1.43545717727167
"200",2,10,1,-0.829,-1.466,1,-0.812,-0.00149704756033482
"201",2,11,0,-0.801,-0.193,3.194,-0.959,0.82268321691871
"202",2,11,0,-0.196,0.281,3,-0.959,-0.701849949365541
"203",2,11,0,-0.544,-0.068,3.347,-0.959,-0.165521992939672
"204",2,11,0,-1.423,-1.141,1.612,-0.959,0.206857145135169
"205",2,11,0,-0.698,0.119,2.846,-1.106,-1.02924967009077
"206",2,11,0,-1.166,-0.255,2.51,-1.106,-0.856400894664139
"207",2,11,0,-0.281,1.567,4.69,-1.106,-0.38803472478845
"208",2,11,0,-1.423,-1.179,1.517,-1.106,-0.253120407121201
"209",2,11,0,-0.064,0.781,4.243,-0.959,0.435882759190198
"210",2,11,0,-0.281,1.592,4.95,-0.959,0.527829812643115
"211",2,11,0,-0.687,0.731,4.195,-0.959,-0.0134478553541385
"212",2,11,0,0.895,1.342,2.569,-0.959,0.38280740391979
"213",2,11,0,-0.744,-0.218,2.588,-1.106,-1.11358372649171
"214",2,11,0,-0.858,-0.143,2.214,-1.106,-0.443595462700155
"215",2,11,0,0.33,0.893,1,-1.106,-1.97244921068528
"216",2,11,0,-0.875,-0.742,2.983,-1.106,-2.18653067688097
"217",2,11,0,-1.572,-0.742,2.408,-0.812,-0.362706333290142
"218",2,11,0,-1.269,-0.318,3.033,-0.812,-2.08843007432906
"219",2,11,0,-0.31,0.331,2.811,-0.812,-1.21236988307285
"220",2,11,0,-0.829,-0.218,2.828,-0.812,1.15302993626764
"221",2,11,0,-0.921,-0.393,2.449,-0.738,-0.522168427090767
"222",2,11,0,1.197,1.03,3.661,-0.738,0.235486791645266
"223",2,11,0,0.94,0.843,4.301,-0.738,-0.360033877861119
"224",2,11,0,1.14,1.916,3.554,-0.738,1.806359992415
"225",2,12,1,-0.687,-0.006,1.949,-0.444,1.2872586305243
"226",2,12,1,0.906,0.993,1.304,-0.444,-0.0233199338637972
"227",2,12,1,0.529,0.007,0.632,-0.444,0.294606717672973
"228",2,12,1,-0.424,-0.081,1.378,-0.444,0.842465726428061
"229",2,12,1,-0.15,-0.43,1.414,-0.517,0.953322158592359
"230",2,12,1,-0.207,-0.293,0.447,-0.517,0.466683453539869
"231",2,12,1,-0.47,0.169,1,-0.517,-0.838082725518775
"232",2,12,1,1.574,-0.33,1.183,-0.517,0.17317922345939
"233",2,12,1,-0.338,-0.779,0.316,-0.517,-0.300668472071597
"234",2,12,1,0.01,-0.705,0.316,-0.517,-1.08271087481442
"235",2,12,1,0.227,0.256,3.332,-0.517,0.89521341629754
"236",2,12,1,-0.264,-0.717,1,-0.517,0.824150471421697
"237",2,12,1,0.472,-0.555,0.316,-0.37,0.748573244273154
"238",2,12,1,-0.413,1.167,1.817,-0.37,-0.543314383808536
"239",2,12,1,1.922,0.144,1.703,-0.37,1.15655525612873
"240",2,12,1,-1.235,-1.079,0.775,-0.37,-0.935210659296483
"241",3,13,1,-1.295,-0.517,0.464,-0.517,-0.51784479101963
"242",3,13,1,0.59,2.041,4.775,-0.517,-2.10429769870898
"243",3,13,1,-0.28,1.754,4.278,-0.517,-1.07712819795575
"244",3,13,1,-1.15,-0.38,2.092,-0.517,0.933868373607569
"245",3,13,1,-0.57,0.406,1.166,-0.37,-0.212637820887422
"246",3,13,1,0.735,1.529,3.768,-0.37,3.01005990056505
"247",3,13,1,1.17,1.542,4.243,-0.37,2.11850212622826
"248",3,13,1,0.155,0.481,3.362,-0.37,0.680300189786969
"249",3,13,1,-0.715,-0.53,1.97,-0.444,0.993659290458373
"250",3,13,1,1.17,1.754,4.754,-0.444,1.5351375710731
"251",3,13,1,-1.15,-0.53,1.706,-0.444,1.39623709090259
"252",3,13,1,3.055,3.064,4.561,-0.444,1.38484134288325
"253",3,13,1,-0.715,1.604,1.808,-0.37,0.784653326221765
"254",3,13,1,-0.425,0.132,3.493,-0.37,-0.157638820790818
"255",3,13,1,1.025,2.203,1.957,-0.37,-0.0515754880311585
"256",3,13,1,0.59,1.093,1.311,-0.37,1.37721322815594
"257",3,13,1,0.735,1.242,1.386,-0.297,-0.884006194614835
"258",3,13,1,1.17,2.203,1.886,-0.297,-1.33140800841884
"259",3,13,1,0.01,0.681,1.085,-0.297,1.29488638743695
"260",3,13,1,0.735,1.217,2.329,-0.297,-0.463555928889424
"261",3,13,1,-0.86,0.294,2.828,-0.223,-1.3055225273473
"262",3,13,1,-0.135,1.542,4.135,-0.223,0.345636445947877
"263",3,13,1,1.025,2.016,1.921,-0.223,-1.85533175088508
"264",3,13,1,0.3,1.03,3.55,-0.223,-1.87991000395235
"265",3,13,1,-0.135,1.105,4.135,-0.076,-0.583764721930249
"266",3,13,1,0.01,1.03,4.087,-0.076,1.05381468467192
"267",3,13,1,-0.57,0.206,0.795,-0.076,-0.00243575295229183
"268",3,13,1,-1.15,-0.355,1.804,-0.076,0.01225803815456
"269",3,13,1,-0.28,0.219,3.286,0.365,0.981817439606821
"270",3,13,1,-0.57,1.405,2.426,0.365,-0.243528150221937
"271",3,13,1,3.49,3.901,5.486,0.365,1.22956840301817
"272",3,13,1,-0.57,0.157,3.362,0.365,2.41202117377702
"273",3,14,0,0.3,1.105,0.8625,0.218,-0.431096946591478
"274",3,14,0,-0.425,0.518,0.844,0.218,1.24480141591591
"275",3,14,0,1.605,2.004,0.7005,0.218,0.130650644908831
"276",3,14,0,1.17,1.754,1.0925,0.218,0.228237347327366
"277",3,14,0,-1.005,-0.043,0.7825,-0.223,-1.76329026434501
"278",3,14,0,-0.28,1.217,0.9015,-0.223,2.00134856671097
"279",3,14,0,-0.425,1.043,1.07825,-0.223,-1.33816660789362
"280",3,14,0,0.155,0.631,0.93875,-0.223,0.187779770390361
"281",3,14,0,0.735,1.217,0.8255,-0.15,-0.743414540584888
"282",3,14,0,1.025,1.654,1.12925,-0.15,-0.0738955319746456
"283",3,14,0,0.445,1.305,1.00625,-0.15,-0.370916408587107
"284",3,14,0,-0.715,-0.33,0.6375,-0.15,-0.867125258873044
"285",3,14,0,0.735,0.781,0.91525,-0.37,0.891841097665911
"286",3,14,0,-1.15,0.781,0.8945,-0.37,1.43195138658132
"287",3,14,0,-0.715,0.044,0.50625,-0.37,0.437041594809631
"288",3,14,0,1.17,1.367,0.95525,-0.37,-0.0487369789220151
"289",3,14,0,-0.28,0.394,0.7375,-0.076,0.336397354298381
"290",3,14,0,-0.86,-0.243,0.72025,-0.076,0.770532585476449
"291",3,14,0,-1.295,-0.804,0.49375,-0.076,-0.764086459707585
"292",3,14,0,-1.005,0.543,0.9585,-0.076,0.363957992327154
"293",3,14,0,-0.86,0.893,0.85975,0.365,0.775611163400117
"294",3,14,0,-0.715,0.419,0.74925,0.365,2.26756946483895
"295",3,14,0,-1.005,0.144,0.63675,0.365,-0.273146881774562
"296",3,14,0,0.445,1.355,1.65925,0.365,2.31683066756388
"297",3,14,0,1.75,1.991,0.92425,0.512,0.964037531382318
"298",3,14,0,-1.295,-0.43,1.07175,0.512,1.09998240629441
"299",3,14,0,0.01,1.192,0.6805,0.512,0.155072154857498
"300",3,14,0,-1.295,-0.692,0.80775,0.512,0.156352977033147
"301",3,15,1,0.155,-0.368,1.483,-0.665,0.777850992204477
"302",3,15,1,2.33,-0.305,2.191,-0.665,-0.830904312070237
"303",3,15,1,0.082,0.182,2.025,-0.665,0.299398792133882
"304",3,15,1,-1.005,-0.705,1.183,-0.665,-1.02179819809212
"305",3,15,1,0.082,-1.466,0.707,-0.517,-0.191885242385665
"306",3,15,1,-0.715,-0.804,0.894,-0.517,2.11757552977793
"307",3,15,1,1.025,-0.655,1,-0.517,-0.91432334879136
"308",3,15,1,-0.498,-0.555,1.225,-0.517,0.303227367106695
"309",3,15,1,-0.353,-1.241,0,-0.517,2.12764882864095
"310",3,15,1,0.01,-1.466,0,-0.517,2.26194456988717
"311",3,15,1,-0.425,-1.104,0.548,-0.517,-0.46966016602055
"312",3,15,1,0.082,-0.667,0.894,-0.517,0.484648731684042
"313",3,15,1,0.445,-0.53,0.447,-0.885,0.807338033732517
"314",3,15,1,3.055,-0.293,1.703,-0.885,1.96433272310263
"315",3,15,1,0.01,-0.967,1.449,-0.885,-0.883789370099329
"316",3,15,1,0.3,-1.241,0,-0.885,-0.724213324917343
"317",3,15,1,-0.353,-1.216,0.707,-0.15,1.24974743307951
"318",3,15,1,-0.135,-1.403,1,-0.15,-0.405380857828271
"319",3,15,1,0.3,-0.904,1.225,-0.15,-1.55237276657824
"320",3,15,1,-0.425,-0.792,1.581,-0.15,-0.244356655346627
"321",3,15,1,-0.498,-0.842,0.775,-0.959,-1.01752897619953
"322",3,15,1,-0.86,-0.892,0,-0.959,1.66591598823478
"323",3,15,1,0.01,-1.004,0.316,-0.959,0.835501200685822
"324",3,15,1,0.184,-0.867,0.775,-0.959,1.28637197716904
"325",3,15,1,-1.005,-1.466,0.316,0.365,0.819136392267578
"326",3,15,1,-0.86,-1.466,0,0.365,1.00540275490381
"327",3,15,1,-0.425,-1.216,0.548,0.365,-1.03743763112084
"328",3,15,1,-1.295,-1.154,0,0.365,0.031757336295138
"329",3,16,0,-0.498,-1.266,0,0.365,-0.936949403474836
"330",3,16,0,-1.078,-1.466,0,0.365,-0.715828243240593
"331",3,16,0,0.3,-1.116,0.707,0.365,-0.691969167189861
"332",3,16,0,0.445,-1.466,0,0.365,0.942633345749677
"333",3,16,0,-1.295,-1.254,0.548,-1.106,-1.88203417966143
"334",3,16,0,-0.86,-1.229,0.775,-1.106,1.44219805201135
"335",3,16,0,-0.57,-1.329,0,-1.106,1.52794409380787
"336",3,16,0,-1.005,-1.204,0.894,-1.106,-1.00004642919732
"337",3,16,0,-0.57,-1.229,0.548,-1.106,1.20107664133579
"338",3,16,0,-0.788,-1.466,0,-1.106,1.87978503715327
"339",3,16,0,-1.223,-1.291,0.837,-1.106,1.00471626494289
"340",3,16,0,-0.86,-1.279,0.447,-1.106,-0.210643699815319
"341",3,16,0,0.706,-1.316,0,0.954,1.01643685738899
"342",3,16,0,0.3,-0.467,2.72,0.954,0.0712200669487609
"343",3,16,0,0.851,-0.854,1,0.954,0.331839267824196
"344",3,16,0,0.59,-0.38,1.924,0.954,-0.313608472607144
"345",3,16,0,2.185,0.019,0.707,-0.223,-0.883741136930887
"346",3,16,0,0.3,-1.466,0,-0.223,0.341259199006297
"347",3,16,0,-0.57,0.706,1.761,-0.223,-1.11320096156873
"348",3,16,0,0.372,0.905,1.304,-0.223,-2.10297646948663
"349",3,16,0,0.59,-0.492,1.975,-0.665,0.603575688846273
"350",3,16,0,0.662,-0.193,1.817,-0.665,0.195627677837287
"351",3,16,0,-0.063,-0.305,0.316,-0.665,0.811206977230264
"352",3,16,0,-0.57,-0.617,1.924,-0.665,0.0461404008065639
"353",3,16,0,1.025,-0.58,0.447,-0.665,-1.30140353267405
"354",3,16,0,2.475,-1.466,0.837,-0.665,1.05686592636629
"355",3,16,0,-0.57,-1.179,0.949,-0.665,1.21797088573174
"356",3,16,0,-1.005,-0.692,1,-0.665,-1.44184639557811
"357",3,16,0,-0.715,-0.68,0.548,-0.665,-1.06246458959838
"358",3,16,0,-0.933,0.531,2.646,-0.665,-0.236031530459163
"359",3,16,0,-0.643,-0.018,1.342,-0.665,0.10469693993536
"360",3,16,0,-0.498,-0.517,1.581,-0.665,-0.359329412727239
"361",3,16,0,1.315,8.194,2.074,-0.665,-0.172945423601112
"362",3,16,0,0.59,0.082,1.924,-0.665,0.560349812946889
"363",3,16,0,1.895,0.406,2.121,-0.665,-1.34795176348447
"364",3,16,0,-0.425,0.718,2,-0.665,-0.523235012671076
"365",3,16,0,2.185,1.093,2.47,-0.665,0.069903919891117
"366",3,16,0,-1.368,-0.617,1.225,-0.665,0.676842405458817
"367",3,16,0,2.04,1.068,2.569,-0.665,-1.37332315340192
"368",3,16,0,0.88,1.192,2.121,-0.665,-0.314807311979763
"369",3,16,0,1.75,0.93,2.775,-0.297,-0.196762152134885
"370",3,16,0,0.155,0.88,2.608,-0.297,-0.436904560448345
"371",3,16,0,2.765,1.167,3.194,-0.297,0.184846546544305
"372",3,16,0,5.375,1.504,2.828,-0.297,1.42064676076538
"373",3,16,0,0.517,-0.742,1.581,-1.18,0.842009508928903
"374",3,16,0,0.59,-0.155,0,-1.18,0.814903702068888
"375",3,16,0,0.59,-0.205,1.483,-1.18,-1.5288772894922
"376",3,16,0,0.88,-0.043,1.844,-1.18,0.507348333262924
"377",3,16,0,0.01,-0.018,2.191,-1.106,-0.264338400414069
"378",3,16,0,-1.223,-0.967,0.548,-1.106,1.3614599531057
"379",3,16,0,1.025,-0.492,2.121,-1.106,2.19706436482641
"380",3,16,0,1.387,0.219,2.757,-1.106,-0.483987163195488
"381",3,16,0,1.17,0.107,1.612,-0.959,-0.544802095285473
"382",3,16,0,0.735,0.182,1.483,-0.959,-0.0402868124798166
"383",3,16,0,1.315,0.107,1.817,-0.959,-0.251750076675631
"384",3,16,0,0.952,0.631,1.844,-0.959,0.836692412219324
"385",3,17,1,1.025,1.142,2.53,-0.738,-0.245279808700183
"386",3,17,1,-1.15,-0.405,2.387,-0.738,0.66944338782353
"387",3,17,1,0.735,1.018,1.411,-0.738,-0.0255109849565105
"388",3,17,1,0.59,1.142,3.098,-0.738,-0.616272037590881
"389",3,17,1,-0.425,0.356,2.214,0.365,1.62364241730179
"390",3,17,1,0.01,0.781,2.51,0.365,-0.123447005590242
"391",3,17,1,1.17,0.905,2.864,0.365,1.15034058000731
"392",3,17,1,0.88,1.093,2.881,0.365,-0.509564922636764
"393",3,17,1,0.082,0.818,2.775,-0.959,0.223281277251977
"394",3,17,1,1.097,1.529,3.421,-0.959,1.46834973148025
"395",3,17,1,2.33,1.479,3.347,-0.959,0.175545676673357
"396",3,17,1,1.605,2.341,2.898,-0.959,-1.3845492747193
"397",3,17,1,6.39,2.54,4.899,0.292,-1.52464192055303
"398",3,17,1,1.17,0.968,0.658,0.292,0.144971973339043
"399",3,17,1,-0.28,0.568,3.225,0.292,0.759728360537659
"400",3,17,1,-0.28,0.993,3.286,0.292,1.4882586919544
"401",3,17,1,0.88,1.43,3.834,-0.517,1.3072577633489
"402",3,17,1,-0.063,-0.205,2.366,-0.517,-1.35423290619976
"403",3,17,1,-1.005,-0.318,2.15,-0.517,1.82082928080848
"404",3,17,1,-0.28,0.244,1.146,-0.517,-1.22608188593411
"405",3,17,1,0.01,0.469,2.588,-0.591,0.176554521720923
"406",3,17,1,0.445,0.731,2.775,-0.591,-0.502676017168594
"407",3,17,1,0.3,0.107,2.324,-0.591,-0.75133100146782
"408",3,17,1,0.155,0.531,3.066,-0.591,-2.12831585262886
"409",3,17,1,-0.135,0.206,2.569,-0.812,-0.432285291496145
"410",3,17,1,2.475,1.118,3.017,-0.812,-1.00791606834208
"411",3,17,1,-0.135,0.132,2.646,-0.812,1.86683411928898
"412",3,17,1,0.3,0.643,2.846,-0.812,1.4418772064804
"413",3,18,0,1.677,2.178,1.385,0.218,-1.16074524248233
"414",3,18,0,0.155,0.756,3.674,0.218,0.681304386011378
"415",3,18,0,2.185,2.054,3.674,0.218,-0.947608992479306
"416",3,18,0,0.155,0.793,0.97,0.218,0.228987046995238
"417",3,18,0,2.185,0.993,3.033,1.101,0.690938356402551
"418",3,18,0,1.677,1.018,3.592,1.101,1.21524653141151
"419",3,18,0,1.46,0.918,2.793,1.101,-1.76205832720161
"420",3,18,0,-0.86,-0.155,3.772,1.101,-3.29545797888741
"421",3,18,0,0.735,0.781,3.45,1.69,1.2265515099644
"422",3,18,0,-0.788,-0.018,2.646,1.69,-1.05867000697608
"423",3,18,0,-0.86,-0.118,2.258,1.69,-0.328066021569955
"424",3,18,0,1.315,1.18,2.683,1.69,0.229611406887978
"425",3,18,0,0.88,1.517,4.243,3.308,0.388068812705485
"426",3,18,0,-0.425,0.069,3,3.308,-0.0630102110907732
"427",3,18,0,0.082,0.968,0.966,3.308,0.394600259035198
"428",3,18,0,1.75,0.406,3.464,3.308,-0.418756491371502
"429",3,18,0,0.372,1.292,1.571,2.352,-0.704918859685529
"430",3,18,0,0.155,0.93,0.858,2.352,1.25109008854835
"431",3,18,0,0.59,0.818,0.844,2.352,0.798641436886252
"432",3,18,0,1.605,0.955,0.911,2.352,-0.912136980000839
"433",3,18,0,-0.135,1.055,0.035,1.69,1.19047448821516
"434",3,18,0,-0.57,-0.155,1.706,1.69,0.0154313038652456
"435",3,18,0,-0.135,0.643,1.547,1.69,1.38145403779438
"436",3,18,0,-0.425,0.032,1.486,1.69,0.497441251636391
"437",4,19,0,0.662,-0.343,1.844,-0.591,0.144658969262486
"438",4,19,0,0.735,-0.467,2.121,-0.591,1.23111443183273
"439",4,19,0,0.155,-0.655,1.871,-0.591,0.795516491680742
"440",4,19,0,0.227,-1.029,2,-0.591,1.6754381676598
"441",4,19,0,-0.643,-0.467,1.871,-0.959,0.890580258135353
"442",4,19,0,1.387,-0.804,1.732,-0.959,-0.244266693251629
"443",4,19,0,0.227,-0.343,3.162,-0.959,-0.276766394257252
"444",4,19,0,0.952,-0.343,2.345,-0.959,-0.0894980397662672
"445",4,19,0,0.155,-0.767,2,-0.665,-0.353775781993456
"446",4,19,0,-1.078,-0.992,1.265,-0.665,-0.203290766944088
"447",4,19,0,0.807,-0.48,2.236,-0.665,0.55883747800279
"448",4,19,0,0.59,-0.592,2.236,-0.665,1.18997873168769
"449",4,19,0,0.184,-0.742,2.236,-0.959,1.7130956102724
"450",4,19,0,-0.817,-0.43,2.449,-0.959,0.0848182253263372
"451",4,19,0,1.17,-0.467,2.55,-0.959,2.07188683796485
"452",4,19,0,1.605,-0.754,2.588,-0.959,0.983554905834076
"453",4,19,0,0.59,-0.904,1.871,-1.106,-0.43688836957168
"454",4,19,0,1.895,-0.655,2.121,-1.106,-0.890623835842085
"455",4,19,0,1.257,-0.53,2.55,-1.106,-1.41077297382818
"456",4,19,0,1.75,-0.218,2.646,-1.106,-0.108206770499273
"457",4,20,1,-0.788,-1.154,0.447,-1.18,-0.49955399461803
"458",4,20,1,1.097,-0.542,2.121,-1.18,1.24818215472414
"459",4,20,1,1.3,-0.467,2.828,-1.18,0.0694709417409269
"460",4,20,1,-0.382,0.057,3.082,-1.18,1.2232257175404
"461",4,20,1,0.662,-0.218,0.866,-1.18,-0.345583309562529
"462",4,20,1,0.111,-0.343,2.236,-1.18,-1.19222234506896
"463",4,20,1,0.401,-0.467,2.121,-1.18,1.57272483996016
"464",4,20,1,0.474,-0.655,2,-1.18,-0.401989251236251
"465",4,20,1,-0.092,-0.467,0.548,-1.253,0.629444932976463
"466",4,20,1,0.88,-0.592,1.732,-1.253,2.25293734882142
"467",4,20,1,0.662,-0.467,1.414,-1.253,-0.684914118170037
"468",4,20,1,0.372,-0.417,2,-1.253,-0.593186625056006
"469",4,20,1,0.082,-0.467,1.095,-1.18,0.460432449408921
"470",4,20,1,0.88,0.069,1.14,-1.18,-0.274512377027776
"471",4,20,1,0.155,0.032,1.225,-1.18,0.829949064174087
"472",4,20,1,0.807,-0.467,1.049,-1.18,-0.221267537100272
"473",4,20,1,0.14,-1.466,1,-0.959,-0.851087847989753
"474",4,20,1,-0.237,-0.405,2.449,-0.959,-0.17812499585999
"475",4,20,1,1.097,-0.393,2.55,-0.959,-0.386496285687569
"476",4,20,1,0.01,-0.218,1.095,-0.959,-0.906421795036355
"477",4,21,0,-0.425,-1.091,1.414,-0.444,0.0223876869005472
"478",4,21,0,-0.483,-1.029,1.414,-0.444,-0.481615307985363
"479",4,21,0,-0.875,-1.216,1.225,-0.444,1.39879031470669
"480",4,21,0,-1.121,-0.842,1.414,-0.444,2.47910967128535
"481",4,21,0,0.227,-0.343,3.162,-0.517,-0.282849497528208
"482",4,21,0,1.17,-0.854,2.121,-0.517,2.00791665102843
"483",4,21,0,0.474,-0.842,1.732,-0.517,-1.81200289574858
"484",4,21,0,-0.15,-0.779,1.414,-0.517,0.258495557101478
"485",4,21,0,0.662,-0.343,1.844,-0.665,1.56383223457125
"486",4,21,0,0.735,-0.467,2.121,-0.665,-1.80982633652969
"487",4,21,0,0.155,-0.655,1.871,-0.665,1.70034999615672
"488",4,21,0,0.227,-1.029,2,-0.665,-0.4724538887014
"489",4,21,0,0.358,0.169,2,-0.37,-0.0429984759076981
"490",4,21,0,-0.541,-0.343,2,-0.37,0.212987596678265
"491",4,21,0,-0.498,-0.155,1.871,-0.37,-0.235407285242472
"492",4,21,0,-0.063,-0.467,2.345,-0.37,-0.122236981823463
"493",4,21,0,-0.048,-0.467,2,-0.665,1.03011354230619
"494",4,21,0,0.474,0.094,2.121,-0.665,0.111859761727004
"495",4,21,0,0.387,0.094,2.449,-0.665,0.425675550411784
"496",4,21,0,0.198,-0.243,2.646,-0.665,-0.171086249991263
"497",4,22,1,0.271,-0.218,2.345,-0.959,-0.609103330203516
"498",4,22,1,-0.106,0.406,1.871,-0.959,0.757771534420437
"499",4,22,1,-0.28,0.094,2,-0.959,0.413666379739484
"500",4,22,1,1.01,1.28,2.739,-0.959,-0.491949209797617
"501",4,22,1,0.488,0.868,3.033,-1.106,0.661791357543011
"502",4,22,1,-0.86,-0.58,2.55,-1.106,-0.0579008105845171
"503",4,22,1,-0.933,-0.692,2.28,-1.106,-0.230985074292651
"504",4,22,1,-0.643,-0.318,2.739,-1.106,1.35695303378623
"505",4,22,1,0.662,0.568,2.828,-0.959,0.41928048482234
"506",4,22,1,-0.425,-0.38,2.236,-0.959,0.0147769333708642
"507",4,22,1,0.01,-0.817,1.581,-0.959,-0.166165651086378
"508",4,22,1,1.634,-0.655,2,-0.959,-0.62281891883119
"509",4,22,1,0.227,-0.842,1.581,-1.106,1.3771628512952
"510",4,22,1,-0.672,-0.842,1.225,-1.106,-0.68570344974164
"511",4,22,1,-0.933,-0.467,1.183,-1.106,-0.642704939748771
"512",4,22,1,0.445,-0.842,1.871,-1.106,0.000188030240706505
"513",4,22,1,0.981,-0.592,1.871,-1.106,-0.442335128740787
"514",4,22,1,0.082,-0.567,2,-1.106,0.840411176928488
"515",4,22,1,1.387,-0.218,1.414,-1.106,-0.901478006431402
"516",4,22,1,0.227,-0.417,1.414,-1.106,-1.08597341548094
"517",5,23,0,-1.583,-1.054,1.817,0.071,0.780753706982461
"518",5,23,0,-1.543,-0.817,2.28,0.071,-0.559970416502693
"519",5,23,0,0.255,-1.204,1.449,0.071,-0.316256250748303
"520",5,23,0,-0.658,-0.717,2.449,0.071,0.43621398975533
"521",5,23,0,-0.687,-0.293,2,0.218,-0.135008638070904
"522",5,23,0,-1.064,-0.417,2.898,0.218,0.616928286884111
"523",5,23,0,-1.395,-0.817,2.28,0.218,-0.0503324579741517
"524",5,23,0,-1.543,-0.63,2.588,0.218,0.390194401601325
"525",5,23,0,-1.338,-1.017,0.894,1.69,-0.250368133213793
"526",5,23,0,-0.789,-0.542,1.225,1.69,-0.217912044401977
"527",5,23,0,-1.554,-0.929,1.14,1.69,0.175816783502585
"528",5,23,0,-1.355,-0.729,2.429,1.69,-0.389371184195938
"529",5,23,0,-1.486,-1.166,1.549,1.984,-0.733613368483043
"530",5,23,0,-0.641,-0.542,2.72,1.984,0.356007934415113
"531",5,23,0,-1.515,-1.154,0,1.984,0.112558102717219
"532",5,23,0,-1.423,-1.229,0.447,1.984,-2.73476673153729
"533",5,23,0,-1.583,-1.091,1.732,1.469,0.502333757904543
"534",5,23,0,-0.949,-0.081,3.332,1.469,-0.572482936128777
"535",5,23,0,-1.298,-0.467,2.828,1.469,-0.588711787354304
"536",5,23,0,-0.253,0.593,4.062,1.469,-0.45024182416045
"537",5,24,1,-0.887,-0.417,2.121,1.101,0.784305130350495
"538",5,24,1,-1.412,-0.68,1,1.101,0.585549375063535
"539",5,24,1,-1.355,-0.942,1.225,1.101,0.230454202924719
"540",5,24,1,-0.949,-0.58,1.732,1.101,1.28737146472145
"541",5,24,1,0.33,-0.093,0.707,-0.959,0.717671678266265
"542",5,24,1,-0.133,0.032,0.316,-0.959,-0.0139963925607611
"543",5,24,1,-0.441,-0.405,1,-0.959,2.27184714979207
"544",5,24,1,-0.555,-0.967,0.548,-0.959,-0.247394756087305
"545",5,24,1,-0.573,-0.155,0.632,-0.812,-1.1818854432919
"546",5,24,1,-0.441,-1.154,0.548,-0.812,0.126972012508097
"547",5,24,1,0.027,-1.029,0.447,-0.812,0.631630232100395
"548",5,24,1,0.821,-0.929,0.837,-0.812,-0.024389987893845
"549",5,24,1,-0.036,0.069,1,-1.106,-0.119935502782371
"550",5,24,1,1.386,1.766,1,-1.106,0.794107920292286
"551",5,24,1,0.906,-0.218,1.732,-1.106,1.3286963882468
"552",5,24,1,0.661,-0.592,1,-1.106,-2.15860380337224
"553",5,24,1,-1.457,-0.58,1.118,-0.076,1.21249742882263
"554",5,24,1,-0.35,-0.218,0,-0.076,1.17469103346645
"555",5,24,1,-0.658,-1.466,1.225,-0.076,-1.71135944886511
"556",5,24,1,-0.424,-0.218,0.316,-0.076,-1.94684485940716
"557",5,24,1,-0.847,-0.717,1.581,-0.812,-0.962964231940386
"558",5,24,1,1.968,0.244,2.236,-0.812,-0.220861173261616
"559",5,24,1,-0.715,-0.455,1.304,-0.812,-0.884902077687965
"560",5,24,1,0.198,-0.592,2,-0.812,0.250075204944007
"561",5,24,1,-0.772,0.581,1.732,0.071,-0.660813157518801
"562",5,24,1,-0.338,0.157,1,0.071,0.123088745809719
"563",5,24,1,-0.453,0.593,1.414,0.071,0.717395223780642
"564",5,24,1,-0.207,0.93,2.236,0.071,0.351177313816883
"565",5,24,1,-0.413,-0.405,2,-0.812,1.5953524986802
"566",5,24,1,-0.076,-0.592,1.581,-0.812,0.918900029865457
"567",5,24,1,-0.453,-0.592,2,-0.812,-0.180219571694002
"568",5,24,1,-0.498,-0.655,1.581,-0.812,0.737339200889008
"569",5,24,1,-0.858,-0.343,0.837,0.218,0.495783788366863
"570",5,24,1,-1.109,-0.018,1,0.218,-0.27810517273554
"571",5,24,1,-0.67,-0.467,1.732,0.218,-1.05350817451837
"572",5,24,1,-0.818,-0.405,1,0.218,0.76024778764797
"573",5,24,1,-1.092,-0.53,0.837,-0.665,-0.195225764098612
"574",5,24,1,-0.772,-0.43,1.414,-0.665,-0.715681411043771
"575",5,24,1,-0.064,0.593,1.414,-0.665,0.171101365465233
"576",5,24,1,-0.989,-1.466,0.548,-0.665,0.580204590043172
"577",5,25,0,-2.165,-0.667,2.387,0.218,-0.454681655281414
"578",5,25,0,-0.921,-0.817,2.28,0.218,0.134897605887921
"579",5,25,0,-1.412,-0.842,2.236,0.218,-0.241043433408752
"580",5,25,0,-0.573,-0.754,2.387,0.218,0.572880302327752
"581",5,25,0,0.375,0.119,3.271,1.837,0.109093472985176
"582",5,25,0,0.301,-0.293,3.066,1.837,2.38872542334804
"583",5,25,0,-0.424,-0.106,3.302,1.837,-0.94693718714412
"584",5,25,0,0.592,0.469,3.742,1.837,1.50837258267502
"585",5,25,0,-0.858,-0.592,2.646,1.69,-0.679146434372937
"586",5,25,0,-0.744,-0.28,3.082,1.69,-1.11714904270771
"587",5,25,0,-0.761,-0.417,2.898,1.69,0.137296898095925
"588",5,25,0,0.33,0.331,4.301,1.69,0.724529504521162
"589",5,25,0,-1.366,-0.729,2.429,0.218,-1.19890781737729
"590",5,25,0,0.444,0.731,3.742,0.218,0.996035828521887
"591",5,25,0,1.026,0.793,3.162,0.218,-0.217270441579871
"592",5,25,0,-0.818,-0.48,2.811,0.218,-0.172977503160483
"593",5,25,0,0.01,0.568,3,0.218,-0.494052616860014
"594",5,25,0,-1.075,0.132,2.55,0.218,-0.517002302589049
"595",5,25,0,-0.161,0.793,2.449,0.218,-0.31477826544316
"596",5,25,0,-0.281,0.531,2.915,0.218,0.55468092460501
"597",5,26,1,-0.921,-0.655,1.871,1.69,-0.803519820280653
"598",5,26,1,-1.046,-0.592,2.345,1.69,-1.72825402358203
"599",5,26,1,-1.006,-0.218,2.345,1.69,-0.273677929175686
"600",5,26,1,-0.453,-0.28,2.646,1.69,1.20536036334716
"601",5,26,1,-0.396,-0.717,1.342,-0.517,-0.503524879515518
"602",5,26,1,-0.453,-0.63,2.121,-0.517,1.02342522684731
"603",5,26,1,-0.641,-0.043,2,-0.517,-0.553125499539203
"604",5,26,1,0.375,-0.655,1.871,-0.517,0.431217002848522
"605",5,26,1,0.461,-1.029,1.225,-0.812,-0.207736312132559
"606",5,26,1,-0.949,-0.555,1.871,-0.812,-0.698254587707969
"607",5,26,1,-0.076,-0.592,1.517,-0.812,-0.00877031880055809
"608",5,26,1,0.489,-0.842,1.581,-0.812,0.264690560905602
"609",5,26,1,-0.236,-0.717,0.316,-0.223,-0.242888978864788
"610",5,26,1,-0.453,-0.842,0.224,-0.223,-0.305544366768767
"611",5,26,1,-1.206,-0.854,0.837,-0.223,0.676960847671839
"612",5,26,1,-1.309,-0.842,0.224,-0.223,-0.634839176339273
"613",5,26,1,0.649,-0.343,0.224,0.071,0.62219660500562
"614",5,26,1,-0.076,-0.53,0.5,0.071,-0.634103532590353
"615",5,26,1,0.849,-0.655,0,0.071,-0.417261190694363
"616",5,26,1,0.809,-0.343,0.548,0.071,-1.17094033637176
"617",5,26,1,0.792,-0.28,1,0.365,-1.3768713508334
"618",5,26,1,-0.612,-0.168,2.236,0.365,1.2706590021279
"619",5,26,1,1.157,-0.243,2.236,0.365,-1.04622257449777
"620",5,26,1,0.906,-0.405,1.581,0.365,0.766759788295688
"621",5,26,1,-0.961,-0.904,0.894,0.218,-1.93810015061628
"622",5,26,1,-0.31,0.294,1.14,0.218,0.571332196380133
"623",5,26,1,-0.424,-0.717,1.225,0.218,0.535002868426934
"624",5,26,1,-0.281,-0.692,1.183,0.218,-1.36463804616647
"625",5,26,1,-0.961,-0.592,0.632,-0.076,-1.81126463717277
"626",5,26,1,0.215,-0.53,0.5,-0.076,-1.87812499887044
"627",5,26,1,1.431,-0.717,0.387,-0.076,-0.119188900041104
"628",5,26,1,-0.281,-0.53,0.447,-0.076,0.564312769222098
"629",5,26,1,0.027,-0.655,1.183,-1.106,-0.657283423863431
"630",5,26,1,0.227,-0.779,1,-1.106,-1.61256641344066
"631",5,26,1,0.341,-0.717,0.894,-1.106,-1.22620626796865
"632",5,26,1,0.341,-0.592,1.225,-1.106,-0.952320352474408
"633",5,26,1,-0.612,-0.717,2.236,-0.37,0.530766934869885
"634",5,26,1,-1.195,-0.942,1.304,-0.37,0.472133258138128
"635",5,26,1,-0.989,-1.091,1,-0.37,-1.26579909710874
"636",5,26,1,-0.847,-0.467,0.548,-0.37,-0.195174558075707
"637",5,27,0,-0.921,-0.268,2.828,0.071,-0.375619640744127
"638",5,27,0,-1.109,-0.218,1.414,0.071,-0.489855094734027
"639",5,27,0,-0.687,-0.031,2.236,0.071,-0.511397663336443
"640",5,27,0,0.227,-0.779,1.183,0.071,-0.506702803679096
"641",5,27,0,-1.178,-0.23,2.646,-0.15,-1.0769665007973
"642",5,27,0,-0.978,-0.642,2.569,-0.15,1.48192869405646
"643",5,27,0,-1.309,-0.829,2.258,-0.15,-0.0794387182007714
"644",5,27,0,-0.641,-0.168,2.828,-0.15,-0.0184103846878421
"645",5,27,0,-0.63,0.219,2.121,-0.885,1.50000967326287
"646",5,27,0,-0.453,-0.53,1.871,-0.885,-0.0644052794524534
"647",5,27,0,0.055,-0.243,2.915,-0.885,-0.550320461581947
"648",5,27,0,-1.121,-0.505,1.304,-0.885,0.854673754819248
"649",5,27,0,-0.064,0.032,1.225,-0.37,1.34091660057004
"650",5,27,0,-0.35,0.094,1.449,-0.37,1.20040861489428
"651",5,27,0,-0.293,0.344,1.414,-0.37,0.0751793481428947
"652",5,27,0,-0.338,-0.031,1.225,-0.37,1.58731994407329
"653",5,27,0,-0.236,-0.018,1.517,-0.591,-0.552045548988332
"654",5,27,0,-0.544,-0.442,1.483,-0.591,0.224990796927875
"655",5,27,0,-0.019,-0.268,1.342,-0.591,0.844778229017975
"656",5,27,0,0.472,0.219,1.414,-0.591,-1.53920336167416
"657",5,28,1,0.575,-1.466,0.632,-0.591,0.171417398672205
"658",5,28,1,-0.264,-1.466,0.224,-0.591,-0.0418154653555722
"659",5,28,1,1.226,-1.466,1.095,-0.591,1.71316539553147
"660",5,28,1,0.849,-1.466,0.548,-0.591,0.238460296678249
"661",5,28,1,0.312,-0.655,1.732,-0.297,0.129452698740568
"662",5,28,1,-0.641,-0.617,0.548,-0.297,0.215883743350778
"663",5,28,1,-1.395,-1.279,0.316,-0.297,-0.802912873731715
"664",5,28,1,0.312,0.306,0.837,-0.297,0.454844799439403
"665",5,28,1,-0.396,-0.343,0.316,-0.076,0.43477277336337
"666",5,28,1,-1.223,-0.542,0.592,-0.076,1.76040213130895
"667",5,28,1,-1.44,-0.567,1.049,-0.076,1.62453272132298
"668",5,28,1,-1.035,-0.779,0.316,-0.076,-0.680480240128225
"669",5,28,1,-0.887,-1.266,0,-0.665,0.362104891865801
"670",5,28,1,1.026,-1.216,0,-0.665,-0.00432171030232842
"671",5,28,1,-1.121,-0.717,0.316,-0.665,0.849358601352771
"672",5,28,1,-0.847,-0.779,0,-0.665,0.123457007158257
"673",5,28,1,-0.413,-1.091,0,-1.106,-0.679463105731054
"674",5,28,1,-1.44,-1.279,0,-1.106,0.896791897424843
"675",5,28,1,-1.309,-1.241,0,-1.106,1.17092552613158
"676",5,28,1,-0.801,-1.216,0,-1.106,0.80105187457526
"677",5,28,1,1.037,-1.029,0.387,-0.738,-0.705125015197493
"678",5,28,1,-1.121,-0.842,0.316,-0.738,0.616194481327382
"679",5,28,1,0.227,0.706,1,-0.738,0.0754061051934971
"680",5,28,1,-1.092,-0.842,0.316,-0.738,2.10598720110273
"681",5,28,1,0.678,-1.091,0.922,-0.885,0.736154959101406
"682",5,28,1,0.084,-0.842,1,-0.885,0.364931813816191
"683",5,28,1,-0.367,-0.655,1.732,-0.885,-0.100909139502268
"684",5,28,1,-0.989,-0.779,0.447,-0.885,0.565504494921259
"685",5,28,1,-0.584,-0.555,0.866,-1.327,-0.72799063907511
"686",5,28,1,-0.161,-0.343,1.414,-1.327,-1.31316838167223
"687",5,28,1,-0.641,-0.867,0.447,-1.327,0.923512876430529
"688",5,28,1,-0.31,-0.28,1,-1.327,-1.56976420862791
"689",5,28,1,-0.544,-0.655,0.548,0.218,1.15880513350397
"690",5,28,1,0.113,-0.218,0.548,0.218,-2.24370439637192
"691",5,28,1,-0.047,-0.093,0.316,0.218,-0.567401835892369
"692",5,28,1,0.923,-0.405,0.837,0.218,0.183523162067621
"693",5,28,1,-0.789,-0.879,1.732,-0.37,1.88994606334834
"694",5,28,1,-1.338,-0.729,0.707,-0.37,1.12123529176749
"695",5,28,1,0.632,-0.53,1.581,-0.37,-0.448360576526173
"696",5,28,1,-2.137,-0.804,1,-0.37,0.249428112112268
"697",6,29,0,-0.281,0.157,1.844,2.278,1.46639323125637
"698",6,29,0,-0.133,0.144,2.345,2.278,0.825185530332796
"699",6,29,0,0.592,1.03,2.258,2.278,-0.261362896304519
"700",6,29,0,3.926,1.617,2.47,2.278,0.189410711173089
"701",6,29,0,-0.133,0.481,2.074,2.057,0.0854102134522883
"702",6,29,0,-0.133,0.843,2.47,2.057,0.706031675306053
"703",6,29,0,-0.858,-0.093,2.55,2.057,1.44207429667608
"704",6,29,0,-0.573,-0.068,2.098,2.057,0.178601903983968
"705",6,29,0,1.603,1.417,2.915,1.101,0.0335654602953335
"706",6,29,0,-0.715,-0.255,2.049,1.101,0.249529322146608
"707",6,29,0,-0.715,0.556,4.025,1.101,-1.80314433254085
"708",6,29,0,-0.789,0.194,1.817,1.101,0.336243485367055
"709",6,29,0,-0.281,0.469,2.191,1.101,-1.64456205923678
"710",6,29,0,0.735,1.442,2.258,1.101,1.06753428625506
"711",6,29,0,-0.858,-0.118,2.121,1.101,1.09170854530345
"712",6,29,0,-0.932,-0.006,2.302,1.101,-1.51655427949245
"713",6,29,0,-1.149,-0.617,1.817,-0.076,-0.261020691737931
"714",6,29,0,0.735,1.517,2.55,-0.076,-1.15031382158409
"715",6,29,0,-0.573,-0.305,1.817,-0.076,-0.936724180313242
"716",6,29,0,-1.006,-0.155,2.049,-0.076,0.970709306920049
"717",6,30,1,2.042,1.904,2.846,-0.076,0.920100807339937
"718",6,30,1,0.661,1.142,2.881,-0.076,-0.00948714634486595
"719",6,30,1,1.169,1.467,4.848,-0.076,0.963028351724214
"720",6,30,1,0.735,0.469,3.937,-0.076,-0.431628776742092
"721",6,30,1,0.592,-0.605,1.225,-0.37,0.9191218726332
"722",6,30,1,-0.424,-0.829,1.703,-0.37,0.278105835753808
"723",6,30,1,2.91,-0.467,1.517,-0.37,-0.337457395745172
"724",6,30,1,1.169,-0.143,1,-0.37,0.290103500174291
"725",6,30,1,-0.424,0.668,1.817,0.365,1.29558334317178
"726",6,30,1,1.751,0.281,2.191,0.365,0.673698255917616
"727",6,30,1,0.878,-0.48,1.897,0.365,0.640626191682352
"728",6,30,1,1.026,0.406,1.871,0.365,0.873104549621721
"729",6,30,1,1.894,-0.742,0.548,-0.37,0.325947888277164
"730",6,30,1,0.301,0.905,1.612,-0.37,0.882696783226624
"731",6,30,1,0.592,0.406,2.049,-0.37,0.630754733581008
"732",6,30,1,1.894,-0.368,0.548,-0.37,-1.43289243695333
"733",6,30,1,0.735,-0.58,1.581,0.071,2.11653169745541
"734",6,30,1,-1.075,-1.004,0.894,0.071,0.0130720413670236
"735",6,30,1,0.153,-0.829,1,0.071,0.172605655047788
"736",6,30,1,-1.223,-1.179,0,0.071,1.13081542883117
"737",6,31,0,-0.047,0.893,4.062,1.69,1.28294173577598
"738",6,31,0,1.574,1.068,3.873,1.69,-0.450055490126045
"739",6,31,0,0.17,1.392,2.739,1.69,-0.463242894256441
"740",6,31,0,0.301,1.504,2.236,1.69,0.340108554434691
"741",6,31,0,-1.515,-0.779,2,2.057,-0.131866036340891
"742",6,31,0,-0.481,-0.343,2.55,2.057,1.81413601485668
"743",6,31,0,-0.253,0.069,1.871,2.057,-1.89724103243503
"744",6,31,0,0.404,0.269,3,2.057,1.03618631939813
"745",6,31,0,-0.573,0.044,1,1.69,-0.639540724116342
"746",6,31,0,-1.298,-0.218,1.817,1.69,-0.600139993972087
"747",6,31,0,-0.789,0.119,2.51,1.69,0.485509925799269
"748",6,31,0,-1.486,-0.899,1.581,1.69,-1.44623686859522
"749",6,31,0,-1.457,-0.567,2.121,1.69,-1.3985574571234
"750",6,31,0,-1.423,-0.33,1.732,1.69,-0.890643062450593
"751",6,31,0,1.631,0.406,2.646,1.69,0.3048231645156
"752",6,31,0,-1.121,-0.343,2.236,1.69,1.23903540088268
"753",6,31,0,-1.583,-0.625,1.871,1.69,-0.333574835471059
"754",6,31,0,-0.875,-0.043,2.345,1.69,1.2512148254325
"755",6,31,0,-0.904,-0.018,2.345,1.69,0.526804640444748
"756",6,31,0,-1.006,-0.305,2.218,1.69,1.06438227025079
"757",6,32,1,-1.526,-0.883,1.414,1.101,0.547666041730118
"758",6,32,1,-0.961,-0.452,2.646,1.101,1.08164494847076
"759",6,32,1,-1.075,-0.343,1.871,1.101,0.608649290142864
"760",6,32,1,0.095,1.011,2.739,1.101,0.285332502505138
"761",6,32,1,-0.932,-0.28,1.789,-0.37,1.21419952973695
"762",6,32,1,-0.715,0.019,1.732,-0.37,-0.959410278899135
"763",6,32,1,1.894,1.03,3.317,-0.37,1.52306408877637
"764",6,32,1,-0.104,0.88,3.606,-0.37,-0.784421628547162
"765",6,32,1,1.431,-0.605,1.517,0.512,0.85963062780082
"766",6,32,1,-0.207,-0.143,1.581,0.512,1.29650556389428
"767",6,32,1,-0.207,-0.28,1.581,0.512,-0.137308827537743
"768",6,32,1,-0.224,-0.343,1.581,0.512,0.77876218151945
"769",6,32,1,-0.698,-0.018,1.225,-0.37,-1.28646962136551
"770",6,32,1,1.346,0.781,1.871,-0.37,0.702428324869129
"771",6,32,1,1.009,0.157,2.828,-0.37,0.075871730762007
"772",6,32,1,-0.384,-0.193,1.414,-0.37,-0.407733176984254
"773",6,32,1,0.17,-0.592,1.871,-0.37,1.79245720619251
"774",6,32,1,1.026,-1.066,1.225,-0.37,1.912819116809
"775",6,32,1,0.301,-0.592,0.447,-0.37,1.45383343070747
"776",6,32,1,2.316,-1.154,0.447,-0.37,-1.00134881300296
